{"angle_mag": [176.70299261755585, 176.49945184050856, 176.79673780927067, 176.49945184050856, 176.55826007298555, 175.71695706447912, 176.50924876617654, 176.37273258641767, 176.4782629674261, 176.5720119384723, 176.5720119384723, 176.77569205068892, 176.1692212050675, 176.63051520051678, 176.5720119384723, 176.1906538383918, 176.68193569236217, 176.70299261755585, 176.05424220960992], "time": [0, 500, 1000, 1500, 2000, 2500, 3000, 3500, 4000, 4500, 5000, 5500, 6000, 6500, 7000, 7500, 8000, 8500, 9000]}