{"angle_mag": [174.84935944978466, 174.84935944978466, 175.06070518537274, 175.15856502038375, 175.15856502038375, 174.94711343717563], "time": [0, 500, 1000, 1500, 2000, 2500]}