{
  "angle_mag": [
    178.07047060082704,
    178.26647497496552,
    178.0275416894813,
    178.0457879310825,
    178.04102055425315,
    177.52712609626732,
    177.91400001124137,
    178.39837247015456,
    177.8477017000782,
    178.0457879310825,
    177.8477017000782,
    177.60887505977846,
    178.0457879310825,
    178.07047060082704,
    178.29109904871865
  ],
  "time": [
    0,
    500,
    1000,
    1500,
    2000,
    2500,
    3000,
    3500,
    4000,
    4500,
    5000,
    5500,
    6000,
    6500,
    7000
  ]
}