{"angle_mag": [180.2666339065552, 181.1829616713448, 181.69299215985188, 181.69143568148718, 181.32534296120883, 181.5698314698783, 181.50356387685613, 177.10707636907114, 169.3956968166547, 154.2182495685903, 174.11213225964468, 177.97049671223598, 174.31329553421907, 176.287028734391, 177.1413540085996, 176.0858975045986, 176.13056776153311, 172.97911839294358, 158.08112664072206, 181.1684354406142, 178.88395400370598, 178.5963269499124, 178.83331708605084, 179.48035045653327, 179.76314694619697, 179.11324350812254, 173.53158617381447, 170.94343216397638, 169.95619818059006, 173.30941693976123, 179.05580805994538, 178.15403054660314, 179.05715567940868, 179.0180018880783, 179.35399772516922, 170.87703005377873, 171.82906884459337, 171.68046394392113, 176.81850242550976, 174.79714099492588, 178.74078353862052, 178.1460908917173, 177.5140560631749, 177.4348345167882, 171.86977861159883, 173.18576615876952, 175.04523900980567, 176.8997388353075, 176.59013024515272, 179.4465739433328, 177.1383148841605, 177.1200412149907], "time": [0, 500, 1000, 1500, 2000, 2500, 3000, 3500, 4000, 4500, 5000, 5500, 6000, 6500, 7000, 7500, 8000, 8500, 9000, 9500, 10000, 10500, 11000, 11500, 12000, 12500, 13000, 13500, 14000, 14500, 15000, 15500, 16000, 16500, 17000, 17500, 18000, 18500, 19000, 19500, 20000, 20500, 21000, 21500, 22000, 22500, 23000, 23500, 24000, 24500, 25000, 25500]}