{"angle_mag": [185.30423686467614, 185.45386056914532, 185.82155580018159, 185.30423686467614, 185.55223577203267, 183.9956621771285, 181.63615113737686, 172.01263035021586, 164.348829323485, 168.46639338455608, 175.6406960245831, 180.4537129016746, 184.25196769641295, 182.5512010368598, 172.24112981515188, 159.982380592364, 152.80548746691002, 164.5534141244113, 178.78770231758114, 183.99967391275453, 180.2618789428314, 181.75330120798358, 175.93339194138218, 172.48755114500293, 174.80524076811886, 179.05327279890753, 184.43866677028439, 185.11651898196445, 183.77623595013583, 184.01970546656136, 183.5898246090997, 187.12075058635267, 184.8907117731986, 182.4420568290108, 181.40784905841312, 180.9783219062438, 179.18160005982756, 176.7988563311426, 171.79283599731394, 185.30127171716873, 188.45009578135003, 191.20994351759012, 193.28079909809978, 192.15539674960993], "time": [0, 500, 1000, 1500, 2000, 2500, 3000, 3500, 4000, 4500, 5000, 5500, 6000, 6500, 7000, 7500, 8000, 8500, 9000, 9500, 10000, 10500, 11000, 11500, 12000, 12500, 13000, 13500, 14000, 14500, 15000, 15500, 16000, 16500, 17000, 17500, 18000, 18500, 19000, 19500, 20000, 20500, 21000, 21500]}