{"angle_mag": [167.9952975532351, 168.18430366713773, 167.60689872436635, 167.60689872436635, 168.06072354955515, 167.76372969149202, 168.08028944525293, 167.83836420794862, 167.9038382527332, 168.18430366713773, 167.9038382527332, 168.3669091597277], "time": [0, 500, 1000, 1500, 2000, 2500, 3000, 3500, 4000, 4500, 5000, 5500]}